,x,x2,r,serr,qerr
0,0,0,0.99997906975,3.46096716593,0.108417575495
